label,summary_path,total_runs,success_rate,collision_rate,avg_exec_time_sec,avg_path_length,avg_min_safety_distance,avg_first_solution_iteration
baseline,data/BenchmarK/p2_astar/pass/pass_B500000_20260304_223704/astar_base_s50_B500000_20260304_223704_summary.csv,50,1.000000,0.000000,226.600449,226.600449,0.270088,19542.000000
v2,data/BenchmarK/p2_astar/pass/pass_B500000_20260304_223704/astar_hint_v2_s50_B500000_20260304_223704_summary.csv,50,1.000000,0.000000,227.959616,227.959616,0.270088,19526.000000
v3,data/BenchmarK/p2_astar/pass/pass_B500000_20260304_223704/astar_hint_v3_s50_B500000_20260304_223704_summary.csv,50,1.000000,0.000000,228.165504,228.165504,0.270088,19461.000000
